<scene>
    <lights>
        <light type="POINT" X="0" Y="0" Z="0" />
    </lights>
    <group>
        <translate X="0" Y="0" Z="0" T="0"/>
        <scale X="6" Y="6" Z="6" />
        <color R="1" G="0.55" B="0" />
        <models>
            <model file="primitivas/sphere.3d" texture="textures/sunmap.jpg"  emiR="1.0" emiG="1.0" emiB="1.0"/>
        </models>
        <!--- Mercúrio-->
        <group>
            <translate X="0.795" Y="0" Z="0" T="8.7">
                <point X="5.00" Y="0" Z="0.00"/>
                <point X="4.49" Y="0" Z="1.86"/>
                <point X="3.22" Y="0" Z="3.22"/>
                <point X="1.64" Y="0" Z="3.97"/>
                <point X="-0.00" Y="0" Z="4.20"/>
                <point X="-1.64" Y="0" Z="3.97"/>
                <point X="-3.22" Y="0" Z="3.22"/>
                <point X="-4.49" Y="0" Z="1.86"/>
                <point X="-5.00" Y="0" Z="0.00"/>
                <point X="-4.49" Y="0" Z="-1.86"/>
                <point X="-3.22" Y="0" Z="-3.22"/>
                <point X="-1.64" Y="0" Z="-3.97"/>
                <point X="0.00" Y="0" Z="-4.20"/>
                <point X="1.64" Y="0" Z="-3.97"/>
                <point X="3.22" Y="0" Z="-3.22"/>
                <point X="4.49" Y="0" Z="-1.86"/>
            </translate>
            <scale X="0.020" Y="0.020" Z="0.020" />
            <rotate angle="0" axisX="0" axisY="1" axisZ="0" T="5.8"/>
            <orbit Rmaior="5" Rmenor="4.205" Angle="300"/>
            <color R="1" G="0.75" B="0" />
            <models>
                <model file="primitivas/sphere.3d" texture="textures/mercurymap.jpg" />
            </models>
        </group>
        <!--- Vênus -->
        <group>
            <translate X="1.12" Y="0" Z="0" T="22.4">
                <point X="5.50" Y="0" Z="0.00"/>
                <point X="4.88" Y="0" Z="2.02"/>
                <point X="3.43" Y="0" Z="3.43"/>
                <point X="1.72" Y="0" Z="4.16"/>
                <point X="-0.00" Y="0" Z="4.38"/>
                <point X="-1.72" Y="0" Z="4.16"/>
                <point X="-3.43" Y="0" Z="3.43"/>
                <point X="-4.88" Y="0" Z="2.02"/>
                <point X="-5.50" Y="0" Z="0.00"/>
                <point X="-4.88" Y="0" Z="-2.02"/>
                <point X="-3.43" Y="0" Z="-3.43"/>
                <point X="-1.72" Y="0" Z="-4.16"/>
                <point X="0.00" Y="0" Z="-4.38"/>
                <point X="1.72" Y="0" Z="-4.16"/>
                <point X="3.43" Y="0" Z="-3.43"/>
                <point X="4.88" Y="0" Z="-2.02"/>
            </translate>
            <scale X="0.050" Y="0.050" Z="0.050" />
            <rotate angle="177" axisX="0" axisY="1" axisZ="0" T="24.3"/>
            <orbit Rmaior="5.5" Rmenor="4.38" Angle="272"/>
            <color R="1" G="0.84" B="0" />
            <models>
                <model file="primitivas/sphere.3d" texture="textures/venusmap.jpg" />
            </models>
        </group>
        <!--- Terra -->
        <group>
            <translate X="1.222" Y="0" Z="0" T="36.5" >
                <point X="5.80" Y="0" Z="0.00"/>
                <point X="5.14" Y="0" Z="2.13"/>
                <point X="3.59" Y="0" Z="3.59"/>
                <point X="1.80" Y="0" Z="4.35"/>
                <point X="-0.00" Y="0" Z="4.58"/>
                <point X="-1.80" Y="0" Z="4.35"/>
                <point X="-3.59" Y="0" Z="3.59"/>
                <point X="-5.14" Y="0" Z="2.13"/>
                <point X="-5.80" Y="0" Z="0.00"/>
                <point X="-5.14" Y="0" Z="-2.13"/>
                <point X="-3.59" Y="0" Z="-3.59"/>
                <point X="-1.80" Y="0" Z="-4.35"/>
                <point X="0.00" Y="0" Z="-4.58"/>
                <point X="1.80" Y="0" Z="-4.35"/>
                <point X="3.59" Y="0" Z="-3.59"/>
                <point X="5.14" Y="0" Z="-2.13"/>
            </translate>
            <scale X="0.06" Y="0.06" Z="0.06" />
            <rotate angle="23.5" axisX="0" axisY="1" axisZ="0" T="0.1"/>
            <orbit Angle="348"/>
            <color R="0" G="0.75" B="1" />
            <models>
                <model file="primitivas/sphere.3d" texture="textures/earthmap.jpg" />
            </models>
            <!--- Lua -->
            <group>
                <translate X="0" Y="0" Z="0" T="10">
                    <point X="3.80" Y="0" Z="0.00"/>
                    <point X="3.36" Y="0" Z="1.39"/>
                    <point X="2.35" Y="0" Z="2.35"/>
                    <point X="1.18" Y="0" Z="2.85"/>
                    <point X="-0.00" Y="0" Z="3.00"/>
                    <point X="-1.18" Y="0" Z="2.85"/>
                    <point X="-2.35" Y="0" Z="2.35"/>
                    <point X="-3.36" Y="0" Z="1.39"/>
                    <point X="-3.80" Y="0" Z="0.00"/>
                    <point X="-3.36" Y="0" Z="-1.39"/>
                    <point X="-2.35" Y="0" Z="-2.35"/>
                    <point X="-1.18" Y="0" Z="-2.85"/>
                    <point X="0.00" Y="0" Z="-3.00"/>
                    <point X="1.18" Y="0" Z="-2.85"/>
                    <point X="2.35" Y="0" Z="-2.35"/>
                    <point X="3.36" Y="0" Z="-1.39"/>
                </translate>
                <scale X="0.43" Y="0.43" Z="0.43" />
                <orbit Angle="0"/>
                <color R="0.99" G="0.96" B="0.9" />
                <models>
                    <model file="primitivas/sphere.3d" texture="textures/moonmap.jpg" />
                </models>
            </group>
        </group>
        <!--- Marte -->
        <group>
            <translate X="1.082" Y="0" Z="0" T="68.6">
                <point X="6.10" Y="0" Z="0.00"/>
                <point X="5.41" Y="0" Z="2.24"/>
                <point X="3.79" Y="0" Z="3.79"/>
                <point X="1.90" Y="0" Z="4.60"/>
                <point X="-0.00" Y="0" Z="4.84"/>
                <point X="-1.90" Y="0" Z="4.60"/>
                <point X="-3.79" Y="0" Z="3.79"/>
                <point X="-5.41" Y="0" Z="2.24"/>
                <point X="-6.10" Y="0" Z="0.00"/>
                <point X="-5.41" Y="0" Z="-2.24"/>
                <point X="-3.79" Y="0" Z="-3.79"/>
                <point X="-1.90" Y="0" Z="-4.60"/>
                <point X="0.00" Y="0" Z="-4.84"/>
                <point X="1.90" Y="0" Z="-4.60"/>
                <point X="3.79" Y="0" Z="-3.79"/>
                <point X="5.41" Y="0" Z="-2.24"/>
            </translate>
            <scale X="0.03" Y="0.03" Z="0.03" />
            <rotate angle="25" axisX="0" axisY="1" axisZ="0" T="0.1"/>
            <orbit Angle="302"/>
            <color R="0.96" G="0.84" B="0.68" />
            <models>
                <model file="primitivas/sphere.3d" texture="textures/marsmap.jpg" />
            </models>
        </group>
        <!--- Cintura asteroides -->
        <!--- Júpiter -->
        <group>
            <translate X="0.91" Y="0" Z="0" T="437">
                <point X="8.70" Y="0" Z="0.00"/>
                <point X="7.90" Y="0" Z="3.27"/>
                <point X="5.80" Y="0" Z="5.80"/>
                <point X="3.03" Y="0" Z="7.30"/>
                <point X="-0.00" Y="0" Z="7.79"/>
                <point X="-3.03" Y="0" Z="7.30"/>
                <point X="-5.80" Y="0" Z="5.80"/>
                <point X="-7.90" Y="0" Z="3.27"/>
                <point X="-8.70" Y="0" Z="0.00"/>
                <point X="-7.90" Y="0" Z="-3.27"/>
                <point X="-5.80" Y="0" Z="-5.80"/>
                <point X="-3.03" Y="0" Z="-7.30"/>
                <point X="0.00" Y="0" Z="-7.79"/>
                <point X="3.03" Y="0" Z="-7.30"/>
                <point X="5.80" Y="0" Z="-5.80"/>
                <point X="7.90" Y="0" Z="-3.27"/>
            </translate>
            <scale X="0.501" Y="0.501" Z="0.501" />
            <rotate angle="3" axisX="0" axisY="1" axisZ="0" T="0.04"/>
            <orbit Angle="248"/>
            <color R="0.97" G="0.97" B="1" />
            <models>
                <model file="primitivas/sphere.3d" texture="textures/jupitermap.jpg" />
            </models>
            <!--- Europa -->
            <group>
                <translate X="0" Y="0" Z="0" T="10">
                    <point X="5.80" Y="0" Z="0.00"/>
                    <point X="5.23" Y="0" Z="2.17"/>
                    <point X="3.79" Y="0" Z="3.79"/>
                    <point X="1.95" Y="0" Z="4.71"/>
                    <point X="-0.00" Y="0" Z="5.00"/>
                    <point X="-1.95" Y="0" Z="4.71"/>
                    <point X="-3.79" Y="0" Z="3.79"/>
                    <point X="-5.23" Y="0" Z="2.17"/>
                    <point X="-5.80" Y="0" Z="0.00"/>
                    <point X="-5.23" Y="0" Z="-2.17"/>
                    <point X="-3.79" Y="0" Z="-3.79"/>
                    <point X="-1.95" Y="0" Z="-4.71"/>
                    <point X="0.00" Y="0" Z="-5.00"/>
                    <point X="1.95" Y="0" Z="-4.71"/>
                    <point X="3.79" Y="0" Z="-3.79"/>
                    <point X="5.23" Y="0" Z="-2.17"/>
                </translate>
                <scale X="0.05" Y="0.05" Z="0.05" />
                <orbit Angle="0"/>
                <color R="0.96" G="0.96" B="0.86" />
                <models>
                    <model file="primitivas/sphere.3d" />
                </models>
            </group>
        </group>
        <!--- Saturno -->
        <group>
            <translate X="1" Y="0" Z="0" T="1058">
                <point X="11.10" Y="0" Z="0.00"/>
                <point X="10.10" Y="0" Z="4.18"/>
                <point X="7.47" Y="0" Z="7.47"/>
                <point X="3.91" Y="0" Z="9.45"/>
                <point X="-0.00" Y="0" Z="10.10"/>
                <point X="-3.91" Y="0" Z="9.45"/>
                <point X="-7.47" Y="0" Z="7.47"/>
                <point X="-10.10" Y="0" Z="4.18"/>
                <point X="-11.10" Y="0" Z="0.00"/>
                <point X="-10.10" Y="0" Z="-4.18"/>
                <point X="-7.47" Y="0" Z="-7.47"/>
                <point X="-3.91" Y="0" Z="-9.45"/>
                <point X="0.00" Y="0" Z="-10.10"/>
                <point X="3.91" Y="0" Z="-9.45"/>
                <point X="7.47" Y="0" Z="-7.47"/>
                <point X="10.10" Y="0" Z="-4.18"/>
            </translate>
            <scale X="0.418" Y="0.418" Z="0.418" />
            <rotate angle="27" axisX="0" axisY="1" axisZ="0" T="5"/>
            <orbit Angle="235"/>
            <color R="1" G="0.87" B="0.68" />
            <models>
                <model file="primitivas/sphere.3d" texture="textures/saturnmap.jpg" />
            </models>
            <!--- Encelado-->
            <group>
                <translate X="0" Y="0" Z="0" T="20">
                    <point X="4.80" Y="0" Z="0.00"/>
                    <point X="4.30" Y="0" Z="1.78"/>
                    <point X="3.07" Y="0" Z="3.07"/>
                    <point X="1.57" Y="0" Z="3.78"/>
                    <point X="-0.00" Y="0" Z="4.00"/>
                    <point X="-1.57" Y="0" Z="3.78"/>
                    <point X="-3.07" Y="0" Z="3.07"/>
                    <point X="-4.30" Y="0" Z="1.78"/>
                    <point X="-4.80" Y="0" Z="0.00"/>
                    <point X="-4.30" Y="0" Z="-1.78"/>
                    <point X="-3.07" Y="0" Z="-3.07"/>
                    <point X="-1.57" Y="0" Z="-3.78"/>
                    <point X="0.00" Y="0" Z="-4.00"/>
                    <point X="1.57" Y="0" Z="-3.78"/>
                    <point X="3.07" Y="0" Z="-3.07"/>
                    <point X="4.30" Y="0" Z="-1.78"/>
                </translate>
                <scale X="0.05" Y="0.05" Z="0.05" />
                <orbit Rmaior="4.8" Rmenor="4" Angle="0"/>
                <color R="0.44" G="0.5" B="0.56" />
                <models>
                    <model file="primitivas/sphere.3d" />
                </models>
            </group>
            <!--- Torus-->
            <group>
                <translate X="0" Y="0" Z="0" T="0"/>
                <scale X="0.5" Y="0.5" Z="0.5" />
                <rotate angle="27" axisX="0" axisY="1" axisZ="0" T="5"/>
                <color R="1" G="0.87" B="0.68" />
                <models>
                    <model file="primitivas/torus.3d" texture="textures/torusmap.jpg" emiR="1.0" emiG="1.0" emiB="1.0"/>
                </models>
            </group>
        </group>
        <!--- Urano -->
        <group>
            <translate X="1.4" Y="0" Z="0" T="3066">
                <point X="16.70" Y="0" Z="0.00"/>
                <point X="15.22" Y="0" Z="6.30"/>
                <point X="11.28" Y="0" Z="11.28"/>
                <point X="5.93" Y="0" Z="14.30"/>
                <point X="-0.00" Y="0" Z="15.30"/>
                <point X="-5.93" Y="0" Z="14.30"/>
                <point X="-11.28" Y="0" Z="11.28"/>
                <point X="-15.22" Y="0" Z="6.30"/>
                <point X="-16.70" Y="0" Z="0.00"/>
                <point X="-15.22" Y="0" Z="-6.30"/>
                <point X="-11.28" Y="0" Z="-11.28"/>
                <point X="-5.93" Y="0" Z="-14.30"/>
                <point X="0.00" Y="0" Z="-15.30"/>
                <point X="5.93" Y="0" Z="-14.30"/>
                <point X="11.28" Y="0" Z="-11.28"/>
                <point X="15.22" Y="0" Z="-6.30"/>
            </translate>
            <scale X="0.169" Y="0.169" Z="0.169" />
            <rotate angle="98" axisX="0" axisY="1" axisZ="0" T="0.05"/>
            <orbit Angle="274"/>
            <color R="0" G="0.5" B="1" />
            <models>
                <model file="primitivas/sphere.3d" texture="textures/uranusmap.jpg" />
            </models>
        </group>
        <!--- Neptuno -->
        <group>
            <translate X="1.65" Y="0" Z="0" T="6022">
                <point X="20.80" Y="0" Z="0.00"/>
                <point X="18.97" Y="0" Z="7.86"/>
                <point X="14.09" Y="0" Z="14.09"/>
                <point X="7.41" Y="0" Z="17.89"/>
                <point X="-0.00" Y="0" Z="19.15"/>
                <point X="-7.41" Y="0" Z="17.89"/>
                <point X="-14.09" Y="0" Z="14.09"/>
                <point X="-18.97" Y="0" Z="7.86"/>
                <point X="-20.80" Y="0" Z="0.00"/>
                <point X="-18.97" Y="0" Z="-7.86"/>
                <point X="-14.09" Y="0" Z="-14.09"/>
                <point X="-7.41" Y="0" Z="-17.89"/>
                <point X="0.00" Y="0" Z="-19.15"/>
                <point X="7.41" Y="0" Z="-17.89"/>
                <point X="14.09" Y="0" Z="-14.09"/>
                <point X="18.97" Y="0" Z="-7.86"/>
            </translate>
            <scale X="0.163" Y="0.163" Z="0.163" />
            <rotate angle="30" axisX="0" axisY="1" axisZ="0" T="0.067"/>
            <orbit Angle="216" />
            <color R="0" G="1" B="1" />
            <models>
                <model file="primitivas/sphere.3d" texture="textures/neptunemap.jpg"  />
            </models>
        </group>
        <!--- Bezier -->
        <group>
            <translate X="0" Y="0" Z="12" T="20">
                <point X="5.00" Y="0" Z="0.00"/>
                <point X="4.95" Y="0" Z="2.05"/>
                <point X="4.74" Y="0" Z="4.74"/>
                <point X="3.90" Y="0" Z="9.40"/>
                <point X="-0.00" Y="0" Z="15.00"/>
                <point X="-3.90" Y="0" Z="9.40"/>
                <point X="-4.74" Y="0" Z="4.74"/>
                <point X="-4.95" Y="0" Z="2.05"/>
                <point X="-5.00" Y="0" Z="0.00"/>
                <point X="-4.95" Y="0" Z="-2.05"/>
                <point X="-4.74" Y="0" Z="-4.74"/>
                <point X="-3.90" Y="0" Z="-9.40"/>
                <point X="0.00" Y="0" Z="-15.00"/>
                <point X="3.90" Y="0" Z="-9.40"/>
                <point X="4.74" Y="0" Z="-4.74"/>
                <point X="4.95" Y="0" Z="-2.05"/>
            </translate>
            <scale X="0.163" Y="0.163" Z="0.163" />
            <rotate angle="30" axisX="0" axisY="1" axisZ="0" T="-0.067"/>
            <orbit Angle="80" />
            <color R="1" G="0" B="0" />
            <models>
                <model file="primitivas/bezier.3d" texture="textures/cometmap.jpg" emiR="1.0" emiG="1.0" emiB="1.0"/>
            </models>
        </group>
    </group>
</scene>