<scene>
    <group>
        <translate X=0 Y=0 Z=0 T=-1/>
        <scale X=6 Y=6 Z=6 />
        <color R=1 G=0.55 B=0 />
        <models>
            <model file="teapot.3d" />
        </models>
        <!--- Mercúrio 45-->
        <group>
            <translate X=0.795 Y=0 Z=0 T=8.7/>
            <scale X=0.020 Y=0.020 Z=0.020 />
            <rotate angle=0 axisX=0 axisY=1 axisZ=0 T=5.8/>
            <orbit Rmaior=5 Rmenor=4.205 Angle=300/>
            <color R=1 G=0.75 B=0 />
            <models>
                <model file="sphere.3d" />
            </models>
        </group>
        <!--- Vênus -->
        <group>
            <translate X=1.12 Y=0 Z=0 T=22.4/>
            <scale X=0.050 Y=0.050 Z=0.050 />
            <rotate angle=177 axisX=0 axisY=1 axisZ=0 T=24.3/>
            <orbit Rmaior=5.5 Rmenor=4.38 Angle=272/>
            <color R=1 G=0.84 B=0 />
            <models>
                <model file="sphere.3d" />
            </models>
        </group>
        <!--- Terra -->
        <group>
            <translate X=1.222 Y=0 Z=0 T=36.5 />
            <scale X=0.06 Y=0.06 Z=0.06 />
            <rotate angle=23.5 axisX=0 axisY=1 axisZ=0 T=0.1/>
            <orbit Rmaior=5.8 Rmenor=4.578 Angle=348/>
            <color R=0 G=0.75 B=1 />
            <models>
                <model file="sphere.3d" />
            </models>
            <!--- Lua -->
            <group>
                <translate X=0 Y=0 Z=0 T=10/>
                <scale X=0.43 Y=0.43 Z=0.43 />
                <orbit Rmaior=3.8 Rmenor=3 Angle=0/>
                <color R=0.99 G=0.96 B=0.9 />
                <models>
                    <model file="sphere.3d" />
                </models>
            </group>
        </group>
        <!--- Marte -->
        <group>
            <translate X=1.082 Y=0 Z=0 T=68.6/>
            <scale X=0.03 Y=0.03 Z=0.03 />
            <rotate angle=25 axisX=0 axisY=1 axisZ=0 T=0.1/>
            <orbit Rmaior=6.1 Rmenor=4.818 Angle=302/>
            <color R=0.96 G=0.84 B=0.68 />
            <models>
                <model file="sphere.3d" />
            </models>
        </group>
        <!--- Cintura asteroides -->
        <group>
            <translate X=1.1 Y=0 Z=0 T=10/>
            <scale X=0.36 Y=0.36 Z=0.34 />
            <color R=0.72 G=1 B=0.2 />
            <models>
                <model file="rocks.3d" />
            </models>
        </group>
        <!--- Júpiter -->
        <group>
            <translate X=0.91 Y=0 Z=0 T=437/>
            <scale X=0.501 Y=0.501 Z=0.501 />
            <rotate angle=3 axisX=0 axisY=1 axisZ=0 T=0.04/>
            <orbit Rmaior=8.7 Rmenor=7.79 Angle=248/>
            <color R=0.97 G=0.97 B=1 />
            <models>
                <model file="sphere.3d" />
            </models>
            <!--- Europa -->
            <group>
                <translate X=0 Y=0 Z=0 T=10/>
                <scale X=0.05 Y=0.05 Z=0.05 />
                <orbit Rmaior=5.8 Rmenor=5 Angle=0/>
                <color R=0.96 G=0.96 B=0.86 />
                <models>
                    <model file="sphere.3d" />
                </models>
            </group>
        </group>
        <!--- Saturno -->
        <group>
            <translate X=1 Y=0 Z=0 T=1058/>
            <scale X=0.418 Y=0.418 Z=0.418 />
            <rotate angle=27 axisX=0 axisY=1 axisZ=0 T=5/>
            <orbit Rmaior=11.1 Rmenor=10.1 Angle=235/>
            <color R=1 G=0.87 B=0.68 />
            <models>
                <model file="sphere.3d" />
            </models>
            <!--- Encelado-->
            <group>
                <translate X=0 Y=0 Z=0 T=20/>
                <scale X=0.05 Y=0.05 Z=0.05 />
                <orbit Rmaior=4.8 Rmenor=4 Angle=0/>
                <color R=0.44 G=0.5 B=0.56 />
                <models>
                    <model file="sphere.3d" />
                </models>
            </group>
            <!--- Torus-->
            <group>
                <translate X=0 Y=0 Z=0 T=0/>
                <scale X=0.5 Y=0.5 Z=0.5 />
                <rotate angle=27 axisX=0 axisY=1 axisZ=0 T=5/>
                <color R=1 G=0.87 B=0.68 />
                <models>
                    <model file="torus.3d" />
                </models>
            </group>
        </group>
        <!--- Urano -->
        <group>
            <translate X=1.4 Y=0 Z=0 T=3066/>
            <scale X=0.169 Y=0.169 Z=0.169 />
            <rotate angle=98 axisX=0 axisY=1 axisZ=0 T=0.05/>
            <orbit Rmaior=16.7 Rmenor=15.3 Angle=274/>
            <color R=0 G=0.5 B=1 />
            <models>
                <model file="sphere.3d" />
            </models>
        </group>
        <!--- Neptuno -->
        <group>
            <translate X=1.65 Y=0 Z=0 T=6022/>
            <scale X=0.163 Y=0.163 Z=0.163 />
            <rotate angle=30 axisX=0 axisY=1 axisZ=0 T=0.067/>
            <orbit Rmaior=20.8 Rmenor=19.15 Angle=216 />
            <color R=0 G=1 B=1 />
            <models>
                <model file="sphere.3d" />
            </models>
        </group>
        <group>
            <translate X=0 Y=0 Z=12 T=20/>
            <scale X=0.163 Y=0.163 Z=0.163 />
            <rotate angle=30 axisX=0 axisY=1 axisZ=0 T=-0.067/>
            <orbit Rmaior=5 Rmenor=15 Angle=80 />
            <color R=1 G=0 B=0 />
            <models>
                <model file="teapot.3d" />
            </models>
        </group>
    </group>
</scene>